-18.4782534,-70.3125988,Arica y Parinacota,15,Arica,15101,247552,6,6,12,41,63,87,115,46.5
-18.5940485,-69.4784541,Arica y Parinacota,15,Camarones,15102,1233,-,-,-,-,-,-,-,0.0
-17.866667,-69.583333,Arica y Parinacota,15,General Lagos,15202,810,-,-,-,-,-,-,-,0.0
-18.1969907,-69.55972729999999,Arica y Parinacota,15,Putre,15201,2515,-,-,-,-,-,-,-,0.0
-20.2686722,-70.10491689999999,Tarapaca,01,Alto Hospicio,01107,129999,-,-,-,5,6,10,14,10.8
-19.3116281,-69.4298687,Tarapaca,01,Camina,01402,1375,-,-,-,-,-,-,-,0.0
-19.2761393,-68.6388049,Tarapaca,01,Colchane,01403,1583,-,-,-,-,-,-,-,0.0
-19.9972461,-69.77185150000001,Tarapaca,01,Huara,01404,3000,-,-,-,-,-,-,-,0.0
-20.2307033,-70.1356692,Tarapaca,01,Iquique,01101,223463,5,9,10,13,16,18,26,11.6
-20.489483,-69.330511,Tarapaca,01,Pica,01405,5958,-,-,-,-,-,5,10,167.8
-20.2567092,-69.7860128,Tarapaca,01,Pozo Almonte,01401,17395,-,-,-,-,-,-,2,11.5
-23.6509279,-70.39750219999999,Antofagasta,02,Antofagasta,02101,425725,29,32,44,54,60,82,106,24.9
-22.4543923,-68.9293819,Antofagasta,02,Calama,02201,190336,-,-,5,7,8,13,20,10.5
-22.166667,-69.416667,Antofagasta,02,Maria Elena,02302,6814,-,-,-,-,-,-,1,14.7
-23.6252499,-70.3913681,Antofagasta,02,Mejillones,02102,14776,-,-,-,-,-,6,12,81.2
-21.2256917,-68.2547802,Antofagasta,02,Ollague,02202,287,-,-,-,-,-,-,-,0.0
-22.9087073,-68.19971559999999,Antofagasta,02,San Pedro de Atacama,02203,10434,-,-,-,4,4,4,4,38.3
-22.8860128,-69.3171995,Antofagasta,02,Sierra Gorda,02103,1746,-,-,-,-,-,-,-,0.0
-25.406494,-70.4803027,Antofagasta,02,Taltal,02104,13657,-,-,-,-,-,-,3,22.0
-22.0857976,-70.1930064,Antofagasta,02,Tocopilla,02301,28079,-,-,-,-,-,-,3,10.7
-28.759444,-70.486667,Atacama,03,Alto del Carmen,03302,5729,-,-,-,-,-,-,-,0.0
-27.0667,-70.8178142,Atacama,03,Caldera,03102,19426,-,-,-,-,-,-,-,0.0
-26.3450046,-70.624193,Atacama,03,Chanaral,03201,13164,-,-,-,-,-,-,-,0.0
-27.3665763,-70.3321587,Atacama,03,Copiapo,03101,171766,-,-,4,4,5,8,8,4.7
-26.3902488,-70.0475302,Atacama,03,Diego de Almagro,03202,14358,-,-,-,-,-,-,1,7.0
-28.512094,-71.0795967,Atacama,03,Freirina,03303,7681,-,-,-,-,-,-,-,0.0
-28.4664,-71.2192,Atacama,03,Huasco,03304,11264,-,-,-,-,-,-,-,0.0
-27.4671706,-70.2652196,Atacama,03,Tierra Amarilla,03103,14312,-,-,-,-,-,4,4,27.9
-28.5757953,-70.7571009,Atacama,03,Vallenar,03301,57009,-,-,-,-,-,-,-,0.0
-30.2357949,-71.0828027,Coquimbo,04,Andacollo,04103,11791,-,-,-,-,-,-,-,0.0
-29.9590009,-71.3389183,Coquimbo,04,Canela,04202,9546,-,-,-,-,-,-,-,0.0
-31.1790967,-71.00509579999999,Coquimbo,04,Combarbala,04302,13884,-,-,-,-,-,-,-,0.0
-29.9590009,-71.3389183,Coquimbo,04,Coquimbo,04102,256735,17,19,19,19,19,21,21,8.2
-31.6308,-71.1653,Coquimbo,04,Illapel,04201,32801,-,-,-,7,12,13,17,51.8
-29.5119534,-71.2000844,Coquimbo,04,La Higuera,04104,4450,-,-,-,-,-,-,-,0.0
-29.9026691,-71.2519374,Coquimbo,04,La Serena,04101,249656,-,-,8,12,12,12,12,4.8
-31.9121865,-71.5112017,Coquimbo,04,Los Vilos,04203,23374,-,-,-,-,-,-,1,4.3
-30.6978944,-70.9586889,Coquimbo,04,Monte Patria,04303,32527,-,-,-,-,-,-,-,0.0
-30.604304,-71.19698819999999,Coquimbo,04,Ovalle,04301,121269,4,4,4,7,7,8,8,6.6
-30.0276898,-70.5178142,Coquimbo,04,Paiguano,04105,4675,-,-,-,-,-,-,-,0.0
-30.8260995,-71.2577912,Coquimbo,04,Punitaqui,04304,12165,-,-,-,-,-,-,-,0.0
-30.266667,-70.666667,Coquimbo,04,Rio Hurtado,04305,4372,-,-,-,-,-,-,1,22.9
-31.782493,-70.96071049999999,Coquimbo,04,Salamanca,04204,29110,-,-,-,4,4,5,6,20.6
-30.0319,-70.7081,Coquimbo,04,Vicuna,04106,29741,-,-,-,-,-,-,-,0.0
-33.3647762,-71.67055340000002,Valparaiso,05,Algarrobo,05602,15174,7,7,9,9,8,8,8,52.7
-32.4258064,-71.0661621,Valparaiso,05,Cabildo,05402,20663,-,-,-,-,-,-,-,0.0
-32.7873428,-71.20732,Valparaiso,05,Calera,05502,53591,6,6,7,7,9,9,9,16.8
-32.857493,-70.6258069,Valparaiso,05,Calle Larga,05302,16482,-,-,-,-,-,-,2,12.1
-33.5482466,-71.6045745,Valparaiso,05,Cartagena,05603,25357,-,-,-,-,-,-,2,7.9
-33.3182828,-71.4070899,Valparaiso,05,Casablanca,05102,29170,-,-,-,-,-,-,3,10.3
-32.875133,-70.64882899999999,Valparaiso,05,Catemu,05702,15213,-,-,-,-,-,-,-,0.0
-32.9299468,-71.51860649999999,Valparaiso,05,Concon,05103,45889,-,-,7,7,-,-,6,13.1
-33.398596,-71.6981538,Valparaiso,05,El Quisco,05604,17742,-,-,-,-,-,-,3,16.9
-33.4557162,-71.66693409999999,Valparaiso,05,El Tabo,05605,14338,-,-,-,-,-,-,2,13.9
-32.7986559,-71.1463438,Valparaiso,05,Hijuelas,05503,19099,-,-,-,-,-,-,-,0.0
-27.112723,-109.3496865,Valparaiso,05,Isla de Pascua,05201,8277,-,5,5,5,5,6,6,72.5
-30.0447611,-79.80368320000001,Valparaiso,05,Juan Fernandez,05104,1033,-,-,-,-,-,-,-,0.0
-32.8258069,-71.2273055,Valparaiso,05,La Cruz,05504,25321,-,-,-,-,-,-,5,19.7
-32.44990180000001,-71.2325958,Valparaiso,05,La Ligua,05401,37739,-,-,-,-,-,-,2,5.3
-32.8337995,-70.59721789999999,Valparaiso,05,Los Andes,05301,68093,-,-,-,-,6,6,6,8.8
-32.7333,-71.2042115,Valparaiso,05,Nogales,05506,23490,-,-,-,-,-,-,-,0.0
-32.9958297,-71.1812984,Valparaiso,05,Olmue,05803,19266,-,-,-,-,-,-,1,5.2
-32.7670303,-70.8333,Valparaiso,05,Panquehue,05704,7633,-,-,-,-,-,-,-,0.0
-32.5072087,-71.4485013,Valparaiso,05,Papudo,05403,6201,-,-,-,-,-,-,-,0.0
-32.25,-70.9333,Valparaiso,05,Petorca,05404,10558,-,-,-,5,4,5,6,56.8
-32.722005,-71.4117004,Valparaiso,05,Puchuncavi,05105,20071,-,-,-,-,-,-,-,0.0
-32.628461,-70.7177434,Valparaiso,05,Putaendo,05705,17645,-,-,-,-,-,-,1,5.7
-32.8803027,-71.2497156,Valparaiso,05,Quillota,05501,97572,6,7,9,9,13,13,16,16.4
-33.0482707,-71.4408752,Valparaiso,05,Quilpue,05801,167085,11,10,11,12,15,18,20,12.0
-32.7723101,-71.5333,Valparaiso,05,Quintero,05107,36135,-,-,-,-,-,4,5,13.8
-32.8352416,-70.7010367,Valparaiso,05,Rinconada,05303,11263,-,-,-,-,-,-,2,17.8
-33.5922807,-71.6055123,Valparaiso,05,San Antonio,05601,96761,-,4,8,9,9,13,17,17.6
-32.8004995,-70.5798032,Valparaiso,05,San Esteban,05304,20643,-,-,-,-,-,-,-,0.0
-32.75,-70.7208115,Valparaiso,05,San Felipe,05701,83494,-,-,5,5,6,6,6,7.2
-33.0352386,-71.5967794,Valparaiso,05,Santa Maria,05706,16367,-,-,-,-,-,-,2,12.2
-33.635833,-71.628056,Valparaiso,05,Santo Domingo,05606,11934,,-,-,-,5,5,5,41.9
41.4730948,-87.0611412,Valparaiso,05,Valparaiso,05101,315732,16,26,23,26,36,39,44,13.9
-33.0516935,-71.3906234,Valparaiso,05,Villa Alemana,05804,139310,6,8,11,11,12,12,12,8.6
-33.0153481,-71.55002759999999,Valparaiso,05,Vina del Mar,05109,361371,29,38,47,53,66,69,72,19.9
-32.5538059,-71.4581359,Valparaiso,05,Zapallar,05405,7994,-,0,-,-,-,-,-,0.0
-34.0264691,-71.1002881,Metropolitana,13,Alhue,13502,7405,-,-,-,-,-,-,-,0.0
-33.7313897,-70.742431,Metropolitana,13,Buin,13402,109641,7,8,14,20,20,29,36,32.8
-33.6291031,-70.7686968,Metropolitana,13,Calera de Tango,13403,28525,6,7,7,7,8,8,10,35.1
-33.50101070000001,-70.7098735,Metropolitana,13,Cerrillos,13102,88956,-,4,4,5,11,21,29,32.6
-33.4218958,-70.7404531,Metropolitana,13,Cerro Navia,13103,142465,19,21,26,31,36,42,57,40.0
-33.2045451,-70.6759654,Metropolitana,13,Colina,13301,180353,32,39,47,50,62,66,74,41.0
-33.3846893,-70.68002129999999,Metropolitana,13,Conchali,13104,139195,14,18,22,32,38,47,52,37.4
-33.4009037,-71.1267263,Metropolitana,13,Curacavi,13503,36430,5,5,5,8,9,10,13,35.7
-33.5589761,-70.67875029999999,Metropolitana,13,El Bosque,13105,172000,18,28,35,37,46,64,83,48.3
-33.6815281,-70.9853968,Metropolitana,13,El Monte,13602,40014,-,-,-,5,7,9,10,25.0
-33.4619178,-70.69850989999999,Metropolitana,13,Estacion Central,13106,206792,16,22,25,36,41,61,71,34.3
-33.3742128,-70.6367425,Metropolitana,13,Huechuraba,13107,112528,17,19,22,32,35,38,48,42.7
-33.4155974,-70.6642603,Metropolitana,13,Independencia,13108,142065,15,17,22,26,31,37,52,36.6
-33.7464562,-70.89999999999999,Metropolitana,13,Isla de Maipo,13603,40171,-,-,-,4,7,10,10,24.9
-33.5264495,-70.66135109999999,Metropolitana,13,La Cisterna,13109,100434,10,12,12,20,26,34,39,38.8
-33.5226882,-70.5987142,Metropolitana,13,La Florida,13110,402433,43,58,67,91,103,126,165,41.0
-33.53779310000001,-70.62067800000001,Metropolitana,13,La Granja,13111,122557,5,8,16,24,26,36,46,37.5
-33.5855661,-70.6285838,Metropolitana,13,La Pintana,13112,189335,-,10,13,18,25,39,55,29.0
-33.4411269,-70.5340591,Metropolitana,13,La Reina,13113,100252,24,26,30,35,44,52,54,53.9
-33.2827093,-70.879328,Metropolitana,13,Lampa,13302,126898,10,10,13,14,18,26,37,29.2
-33.4087844,-70.567069,Metropolitana,13,Las Condes,13114,330759,181,208,224,258,266,281,296,89.5
-33.352669,-70.518517,Metropolitana,13,Lo Barnechea,13115,124076,68,78,85,97,105,110,116,93.5
-33.5220498,-70.690565,Metropolitana,13,Lo Espejo,13116,103865,4,7,9,15,23,34,48,46.2
-33.4442688,-70.7233493,Metropolitana,13,Lo Prado,13117,104403,14,18,20,25,32,35,43,41.2
-33.4851471,-70.5992005,Metropolitana,13,Macul,13118,134635,10,15,23,34,37,43,49,36.4
-33.5105866,-70.7572607,Metropolitana,13,Maipu,13119,578605,43,55,64,83,106,167,203,35.1
-33.51766920000001,-71.1239221,Metropolitana,13,Maria Pinto,13504,14926,-,-,-,-,-,-,-,0.0
-33.6858668,-71.2180485,Metropolitana,13,Melipilla,13501,141612,6,8,9,11,12,16,17,12.0
-33.4566678,-70.5978415,Metropolitana,13,Nunoa,13120,250192,67,84,93,107,118,155,171,68.3
-33.5695362,-70.8156717,Metropolitana,13,Padre Hurtado,13604,74188,10,11,14,16,18,20,26,35.0
-33.8086235,-70.7392929,Metropolitana,13,Paine,13404,82766,-,-,-,-,-,7,8,9.7
-33.4940901,-70.67650259999999,Metropolitana,13,Pedro Aguirre Cerda,13121,107803,7,13,13,16,19,36,54,50.1
-33.6033478,-70.8856016,Metropolitana,13,Penaflor,13605,101058,10,13,13,18,18,20,25,24.7
-33.4719116,-70.5627854,Metropolitana,13,Penalolen,13122,266798,31,46,54,65,78,98,131,49.1
-33.6874736,-70.5883812,Metropolitana,13,Pirque,13202,30433,-,-,-,4,4,9,10,32.9
-33.4314474,-70.6093325,Metropolitana,13,Providencia,13123,157749,82,87,94,104,115,129,136,86.2
-33.4421135,-70.7640644,Metropolitana,13,Pudahuel,13124,253139,17,25,32,44,52,67,78,30.8
-33.6186082,-70.5906057,Metropolitana,13,Puente Alto,13201,645909,45,58,76,119,166,239,322,49.9
-33.3576747,-70.72927179999999,Metropolitana,13,Quilicura,13125,254694,17,29,33,51,57,79,94,36.9
-33.4317378,-70.6923917,Metropolitana,13,Quinta Normal,13126,136368,21,25,35,41,57,69,84,61.6
-33.4061916,-70.6336176,Metropolitana,13,Recoleta,13127,190075,17,23,32,44,52,61,73,38.4
-33.4063601,-70.7279965,Metropolitana,13,Renca,13128,160847,9,14,18,19,22,28,42,26.1
-33.5854485,-70.69873609999999,Metropolitana,13,San Bernardo,13401,334836,32,41,53,74,79,117,140,41.8
-33.496202,-70.6283361,Metropolitana,13,San Joaquin,13129,103485,13,24,28,36,42,52,58,56.0
-33.643169,-70.345207,Metropolitana,13,San Jose de Maipo,13203,18644,-,-,-,-,-,4,4,21.5
-33.4923545,-70.651797,Metropolitana,13,San Miguel,13130,133059,25,32,39,49,56,69,86,64.6
-33.8950912,-71.45637789999999,Metropolitana,13,San Pedro,13505,11953,-,-,-,-,-,-,-,0.0
-33.5510207,-70.6464256,Metropolitana,13,San Ramon,13131,86510,-,6,9,9,12,18,20,23.1
-33.4488897,-70.6692655,Metropolitana,13,Santiago,13101,503147,127,156,173,234,271,321,375,74.5
-33.6625182,-70.9249706,Metropolitana,13,Talagante,13601,81838,-,5,6,11,14,18,21,25.7
-33.0838906,-70.92798429999999,Metropolitana,13,Tiltil,13303,21477,-,-,-,-,4,4,4,18.6
-33.3905211,-70.57241239999999,Metropolitana,13,Vitacura,13132,96774,83,90,100,114,114,119,127,131.2
-34.7255387,-71.2725925,Del Libertador General Bernardo OHiggins,06,Chepica,06302,15925,-,-,-,-,-,-,-,0.0
-34.70924,-71.04127129999999,Del Libertador General Bernardo OHiggins,06,Chimbarongo,06303,37696,-,-,-,-,-,-,2,5.3
-34.0370319,-70.67286410000001,Del Libertador General Bernardo OHiggins,06,Codegua,06102,14096,-,-,-,-,-,-,-,0.0
-34.2661579,-70.9593417,Del Libertador General Bernardo OHiggins,06,Coinco,06103,7831,-,-,-,-,-,-,-,0.0
-34.2877978,-71.0855512,Del Libertador General Bernardo OHiggins,06,Coltauco,06104,21263,-,-,-,-,-,-,-,0.0
-34.228986,-70.95792879999999,Del Libertador General Bernardo OHiggins,06,Donihue,06105,22700,-,-,-,-,-,-,-,0.0
-34.0666916,-70.7325646,Del Libertador General Bernardo OHiggins,06,Graneros,06106,36504,-,-,-,-,-,-,-,0.0
-34.2062803,-71.65482759999999,Del Libertador General Bernardo OHiggins,06,La Estrella,06202,3114,-,-,-,-,-,-,-,0.0
-34.2932184,-71.3126292,Del Libertador General Bernardo OHiggins,06,Las Cabras,06107,26749,-,-,-,-,-,-,-,0.0
-34.117272,-71.72517599999999,Del Libertador General Bernardo OHiggins,06,Litueche,06203,6765,-,-,-,-,-,-,-,0.0
-34.7284166,-71.6458243,Del Libertador General Bernardo OHiggins,06,Lolol,06304,7289,-,-,-,-,-,-,-,0.0
-34.179452,-70.6565151,Del Libertador General Bernardo OHiggins,06,Machali,06108,59913,-,6,7,8,8,8,8,13.4
-34.4421464,-70.9443947,Del Libertador General Bernardo OHiggins,06,Malloa,06109,14163,-,-,-,-,-,-,-,0.0
-34.3984467,-71.6215715,Del Libertador General Bernardo OHiggins,06,Marchihue,06204,7632,-,-,-,-,-,-,-,0.0
-33.9780168,-70.7042142,Del Libertador General Bernardo OHiggins,06,Mostazal,06110,27462,-,-,-,-,-,-,-,0.0
-34.65233240000001,-71.1909865,Del Libertador General Bernardo OHiggins,06,Nancagua,06305,19141,-,-,-,-,-,-,-,0.0
-33.9578544,-71.8276425,Del Libertador General Bernardo OHiggins,06,Navidad,06205,6904,-,-,-,-,-,-,-,0.0
-34.233,-70.883,Del Libertador General Bernardo OHiggins,06,Olivar,06111,14624,-,-,-,-,-,-,6,41.0
-34.57742229999999,-71.380135,Del Libertador General Bernardo OHiggins,06,Palmilla,06306,13299,-,-,-,-,-,-,-,0.0
-34.6519651,-71.90014479999999,Del Libertador General Bernardo OHiggins,06,Paredones,06206,6349,-,-,-,-,-,-,-,0.0
-34.4772681,-71.487259,Del Libertador General Bernardo OHiggins,06,Peralillo,06307,11848,-,-,-,-,-,-,-,0.0
-34.3963392,-71.1700793,Del Libertador General Bernardo OHiggins,06,Peumo,06112,14952,-,-,-,-,-,-,1,6.7
-34.3573785,-71.2872596,Del Libertador General Bernardo OHiggins,06,Pichidegua,06113,20743,-,-,-,-,-,-,-,0.0
-34.385719,-72.0168896,Del Libertador General Bernardo OHiggins,06,Pichilemu,06201,17882,-,-,-,-,-,-,-,0.0
-34.6337953,-71.1108273,Del Libertador General Bernardo OHiggins,06,Placilla,06308,9164,-,-,-,-,-,-,1,10.9
-34.6026565,-71.6552933,Del Libertador General Bernardo OHiggins,06,Pumanque,06309,3531,-,-,-,-,-,-,-,0.0
-34.3554003,-70.97046809999999,Del Libertador General Bernardo OHiggins,06,Quinta de Tilcoco,06114,13877,-,-,-,-,-,-,3,21.6
-34.17013240000001,-70.7406259,Del Libertador General Bernardo OHiggins,06,Rancagua,06101,265211,7,7,9,15,15,15,15,5.7
-34.4053144,-70.86073309999999,Del Libertador General Bernardo OHiggins,06,Rengo,06115,63710,-,-,-,-,-,-,1,1.6
-34.2883749,-70.815833,Del Libertador General Bernardo OHiggins,06,Requinoa,06116,30371,-,-,-,-,-,-,1,3.3
-34.5858603,-70.99078010000001,Del Libertador General Bernardo OHiggins,06,San Fernando,06301,78642,-,4,4,4,4,4,4,5.1
-34.4349435,-71.0913748,Del Libertador General Bernardo OHiggins,06,San Vicente,06117,50617,-,-,4,4,4,4,4,7.9
-34.6324213,-71.3592116,Del Libertador General Bernardo OHiggins,06,Santa Cruz,06310,41096,-,0,-,-,-,-,2,4.9
-35.9676285,-72.32223309999999,Maule,07,Cauquenes,07201,44143,-,-,-,4,4,4,4,9.1
-35.7333,-72.5333,Maule,07,Chanco,07202,9331,-,-,-,-,-,-,-,0.0
-35.699248,-71.4146915,Maule,07,Colbun,07402,22565,-,4,4,5,5,5,5,22.2
-35.33330000000001,-72.41669999999999,Maule,07,Constitucion,07102,50348,-,-,-,-,5,5,5,9.9
-35.0958545,-72.02088909999999,Maule,07,Curepto,07103,9426,-,-,-,-,-,-,3,31.8
-34.9779853,-71.2528803,Maule,07,Curico,07301,163626,6,8,11,13,13,17,20,12.2
-35.589943,-72.2763046,Maule,07,Empedrado,07104,4206,-,-,-,-,-,-,-,0.0
-34.9725157,-71.7993371,Maule,07,Hualane,07302,10222,-,-,-,-,-,-,-,0.0
-34.9852447,-71.984988,Maule,07,Licanten,07303,6989,-,-,-,-,-,-,-,0.0
-35.846407,-71.59961369999999,Maule,07,Linares,07401,101073,4,6,10,11,12,13,13,12.9
-35.9636265,-71.6831251,Maule,07,Longavi,07403,32810,-,-,-,-,-,-,2,6.1
-35.5183364,-71.6884912,Maule,07,Maule,07105,60000,-,-,-,-,-,-,4,6.7
-35.1164987,-71.2829759,Maule,07,Molina,07304,49800,-,-,-,-,-,-,3,6.0
-36.1406484,-71.8227528,Maule,07,Parral,07404,44544,4,-,-,-,4,5,6,13.5
-35.3838823,-71.447192,Maule,07,Pelarco,07106,9083,-,-,-,-,-,-,3,33.0
-35.8141512,-72.5749979,Maule,07,Pelluhue,07203,8092,-,-,-,-,-,-,1,12.4
-35.3960652,-71.7974563,Maule,07,Pencahue,07107,8601,-,-,-,-,-,-,-,0.0
-34.9253441,-71.3156315,Maule,07,Rauco,07305,11248,-,-,-,-,-,-,2,17.8
-36.05,-71.7667,Maule,07,Retiro,07405,21071,-,-,-,-,-,-,1,4.7
-35.2808267,-71.25995069999999,Maule,07,Rio Claro,07108,14753,-,-,-,-,-,-,3,20.3
-34.933333,-71.316667,Maule,07,Romeral,07306,16170,-,-,-,-,-,-,3,18.6
-34.9984205,-71.34458219999999,Maule,07,Sagrada Familia,07307,19469,-,-,-,-,-,-,1,5.1
-35.5364676,-71.48937049999999,Maule,07,San Clemente,07109,46292,-,-,-,-,-,-,-,0.0
-35.5957176,-71.729441,Maule,07,San Javier,07406,49451,-,-,-,7,7,8,8,16.2
-35.3074574,-71.5234986,Maule,07,San Rafael,07110,9959,-,-,-,-,-,-,2,20.1
-35.4232444,-71.6484804,Maule,07,Talca,07101,236724,34,37,42,48,51,51,51,21.5
-34.8702993,-71.1664033,Maule,07,Teno,07308,30850,-,-,-,-,-,-,1,3.2
-34.8411928,-72.0210791,Maule,07,Vichuquen,07309,4381,-,-,-,-,-,-,-,0.0
-35.6761961,-71.7439129,Maule,07,Villa Alegre,07407,17512,-,-,-,-,-,-,-,0.0
-35.750077,-71.58373279999999,Maule,07,Yerbas Buenas,07408,19200,-,-,-,-,-,-,-,0.0
-36.7468316,-72.2935937,Nuble,16,Bulnes,16102,22607,12,18,32,36,45,48,48,212.3
-36.6062618,-72.10233509999999,Nuble,16,Chillan,16101,198624,114,173,240,291,327,342,355,178.7
-36.6291031,-72.1397968,Nuble,16,Chillan Viejo,16103,33827,13,22,26,30,34,40,44,130.1
-36.1386156,-72.7945218,Nuble,16,Cobquecura,16202,5275,-,-,-,-,-,-,-,0.0
-36.4833,-72.7,Nuble,16,Coelemu,16203,16845,-,-,-,-,4,4,4,23.7
-36.6281927,-71.83417969999999,Nuble,16,Coihueco,16302,28375,-,-,-,6,7,8,11,38.8
-36.9,-72.0333,Nuble,16,El Carmen,16104,12334,-,-,-,-,-,-,3,24.3
-36.4,-72.39999999999999,Nuble,16,Ninhue,16204,5414,-,-,-,-,-,-,2,36.9
-36.256434,-72.09110969999999,Nuble,16,Niquen,16303,11567,-,-,-,-,-,-,2,17.3
-36.9667,-72.1,Nuble,16,Pemuco,16105,8639,-,-,-,-,-,-,4,46.3
-36.7,-71.8940937,Nuble,16,Pinto,16106,11880,-,-,6,9,10,10,10,84.2
-36.5267723,-72.4282133,Nuble,16,Portezuelo,16205,4940,-,-,-,-,-,-,1,20.2
-36.7338906,-72.46020310000002,Nuble,16,Quillon,16107,18777,4,7,15,17,22,22,23,122.5
-36.2832999,-72.5333,Nuble,16,Quirihue,16201,12192,-,-,-,-,4,4,4,32.8
-36.65256600000001,-72.5972962,Nuble,16,Ranquil,16206,6261,-,-,5,7,9,9,10,159.7
-36.42297110000001,-71.96463980000001,Nuble,16,San Carlos,16301,56252,8,13,13,19,28,29,31,55.1
-36.55,-71.55,Nuble,16,San Fabian,16304,4654,-,5,6,6,6,6,6,128.9
-36.533333,-72.43333299999999,Nuble,16,San Ignacio,16108,16624,-,-,-,6,6,6,6,36.1
-36.5,-72.2167,Nuble,16,San Nicolas,16305,12172,-,-,4,10,11,12,12,98.6
-36.4211406,-72.66059369999999,Nuble,16,Treguaco,16207,5696,-,-,-,-,-,-,-,0.0
-37.1220156,-72.0131562,Nuble,16,Yungay,16109,18596,-,7,10,26,37,38,42,225.9
-38.05,-71.316667,Biobio,08,Alto Biobio,08314,6775,-,-,-,-,-,-,-,0.0
-37.3313164,-71.67642769999999,Biobio,08,Antuco,08302,4306,-,-,-,-,-,-,-,0.0
-37.2457765,-73.3166644,Biobio,08,Arauco,08202,38679,-,5,6,6,6,6,6,15.5
-37.0332999,-72.39999999999999,Biobio,08,Cabrero,08303,30725,-,-,-,-,-,4,7,22.8
-37.8058201,-73.3919739,Biobio,08,Canete,08203,37003,-,-,-,-,-,-,-,0.0
-36.9374534,-73.0212059,Biobio,08,Chiguayante,08103,91180,6,18,26,32,35,40,41,45.0
-36.8201352,-73.0443904,Biobio,08,Concepcion,08101,238092,28,47,53,70,73,81,92,38.6
-38.0149266,-73.2292878,Biobio,08,Contulmo,08204,6330,-,-,-,-,-,-,-,0.0
-37.0340769,-73.1404838,Biobio,08,Coronel,08102,125829,-,11,12,13,18,18,18,14.3
-37.4762431,-73.3421243,Biobio,08,Curanilahue,08205,33892,-,-,-,-,-,-,1,3.0
-36.8237875,-72.66847179999999,Biobio,08,Florida,08104,11841,-,-,-,-,-,-,2,16.9
-36.7967459,-73.0820942,Biobio,08,Hualpen,08112,97273,-,39,50,67,74,83,93,95.6
-36.9737875,-72.9368437,Biobio,08,Hualqui,08105,26201,-,-,-,7,7,7,8,30.5
-37.271425,-72.7194906,Biobio,08,Laja,08304,23873,-,-,-,5,5,5,6,25.1
-37.6097143,-73.6483294,Biobio,08,Lebu,08201,27100,-,-,-,-,-,-,-,0.0
-37.6261237,-73.46226639999999,Biobio,08,Los Alamos,08206,22524,-,-,-,-,-,-,-,0.0
-37.4629159,-72.3612251,Biobio,08,Los Angeles,08301,218515,11,15,12,17,22,22,22,10.1
-37.0920575,-73.1545822,Biobio,08,Lota,08106,45750,-,-,-,-,-,-,1,2.2
-37.7178812,-72.23743429999999,Biobio,08,Mulchen,08305,31041,-,5,5,5,5,5,5,16.1
-37.5059062,-72.67378750000002,Biobio,08,Nacimiento,08306,27944,-,-,-,-,4,5,9,32.2
-37.5862531,-72.5320562,Biobio,08,Negrete,08307,10429,-,-,-,-,-,-,2,19.2
-36.7333,-72.9833,Biobio,08,Penco,08107,49865,-,-,-,5,5,5,9,18.0
-37.6875544,-71.9986626,Biobio,08,Quilaco,08308,4179,-,-,-,-,-,-,-,0.0
-37.4741645,-71.9836205,Biobio,08,Quilleco,08309,10032,-,-,-,-,-,-,-,0.0
-36.8305354,-73.1167368,Biobio,08,San Pedro de la Paz,08108,145906,18,50,56,63,71,73,80,54.8
-37.2620301,-72.72311189999999,Biobio,08,San Rosendo,08310,3611,-,-,-,-,-,-,-,0.0
-37.66670000000001,-72.0167,Biobio,08,Santa Barbara,08311,14592,-,-,-,-,-,-,2,13.7
-37.1749687,-72.9457031,Biobio,08,Santa Juana,08109,14779,-,-,-,-,-,-,-,0.0
-36.7247834,-73.1169808,Biobio,08,Talcahuano,08110,158345,-,23,29,36,45,46,56,35.4
-38.3419149,-73.495516,Biobio,08,Tirua,08207,11019,-,-,-,4,4,4,4,36.3
-36.6131562,-72.9588593,Biobio,08,Tome,08111,58729,4,6,9,25,30,30,37,63.0
-37.2923048,-71.95121859999999,Biobio,08,Tucapel,08312,15205,,-,-,-,-,-,1,6.6
-37.0833,-72.5667,Biobio,08,Yumbel,08313,22132,5,5,5,5,5,5,5,22.6
-37.8060734,-72.70380469999999,La Araucania,09,Angol,09201,56058,7,13,12,15,23,24,28,49.9
-38.7088593,-73.1678812,La Araucania,09,Carahue,09102,25486,-,-,-,-,6,6,18,70.6
-38.6005906,-72.8411406,La Araucania,09,Cholchol,09121,12341,-,-,-,-,-,4,4,32.4
-37.9582687,-72.4321187,La Araucania,09,Collipulli,09202,26148,-,-,-,-,-,-,1,3.8
-38.9320562,-72.0279843,La Araucania,09,Cunco,09103,18055,-,-,-,5,5,5,5,27.7
-38.4404247,-71.88974329999999,La Araucania,09,Curacautin,09203,18178,-,-,-,-,-,5,5,27.5
-39.3616465,-71.5890276,La Araucania,09,Curarrehue,09104,7802,-,-,-,-,4,4,4,51.3
-38.0553156,-72.38329999999999,La Araucania,09,Ercilla,09204,8458,-,-,-,-,-,-,3,35.5
-38.9573,-72.6269289,La Araucania,09,Freire,09105,25446,-,-,5,5,5,5,5,19.6
-38.4088593,-72.7821187,La Araucania,09,Galvarino,09106,12633,-,-,-,-,-,-,2,15.8
-39.1005597,-72.67636,La Araucania,09,Gorbea,09107,15148,4,6,7,10,10,10,10,66.0
-38.5084312,-72.45413429999999,La Araucania,09,Lautaro,09108,40746,-,8,10,16,19,19,22,54.0
-39.3681199,-72.6315127,La Araucania,09,Loncoche,09109,24739,-,-,4,4,6,6,6,24.3
-38.433333,-71.233333,La Araucania,09,Lonquimay,09205,11049,-,-,-,-,-,-,-,0.0
-37.9791031,-72.8344812,La Araucania,09,Los Sauces,09206,7517,-,-,-,-,-,-,-,0.0
-38.16402009999999,-72.9031846,La Araucania,09,Lumaco,09207,10050,-,-,-,-,-,-,-,0.0
-38.852306,-71.6929428,La Araucania,09,Melipeuco,09110,6265,-,-,-,-,-,-,-,0.0
-38.7445218,-72.9482281,La Araucania,09,Nueva Imperial,09111,33777,-,-,11,16,20,22,25,74.0
-38.7682352,-72.5989708,La Araucania,09,Padre Las Casas,09112,82110,9,14,33,44,49,49,49,59.7
-38.4161093,-72.37562179999999,La Araucania,09,Perquenco,09113,7223,-,-,-,-,-,-,3,41.5
-38.9833,-72.6417312,La Araucania,09,Pitrufquen,09114,26096,4,6,7,11,12,12,16,61.3
-39.2722541,-71.9776285,La Araucania,09,Pucon,09115,29782,-,-,-,4,5,5,5,16.8
-38.0326817,-73.07182829999999,La Araucania,09,Puren,09208,12188,-,-,-,-,-,-,2,16.4
-37.6737875,-72.5892062,La Araucania,09,Renaico,09209,10833,-,-,-,-,-,-,2,18.5
-38.7832999,-73.39999999999999,La Araucania,09,Saavedra,09116,12793,-,-,-,-,-,-,1,7.8
-38.7359018,-72.5903739,La Araucania,09,Temuco,09101,302931,154,225,293,365,407,443,471,155.5
-38.9991844,-73.0942969,La Araucania,09,Teodoro Schmidt,09117,15786,-,4,-,-,-,4,5,31.7
-39.1769265,-73.1681231,La Araucania,09,Tolten,09118,10055,-,-,4,5,7,7,7,69.6
-38.25,-72.6833,La Araucania,09,Traiguen,09210,19314,-,-,-,-,-,-,2,10.4
-38.2326538,-72.3515084,La Araucania,09,Victoria,09211,35467,5,7,11,12,15,15,15,42.3
-38.6677187,-72.2244406,La Araucania,09,Vilcun,09119,30766,4,5,11,18,20,20,24,78.0
-39.2820124,-72.2307798,La Araucania,09,Villarrica,09120,59103,,4,6,11,15,15,18,30.5
-40.12454109999999,-72.38084959999999,Los Rios,14,Futrono,14202,15261,-,-,-,5,5,5,5,32.8
-40.2952749,-73.07932799999999,Los Rios,14,La Union,14201,39538,-,9,10,17,18,18,18,45.5
-40.3211603,-72.48221230000001,Los Rios,14,Lago Ranco,14203,10292,-,-,-,-,-,-,2,19.4
-39.4510195,-72.77961669999999,Los Rios,14,Lanco,14103,17652,-,-,-,-,-,-,2,11.3
-39.8624984,-72.81855879999999,Los Rios,14,Los Lagos,14104,20518,-,-,-,-,-,-,-,0.0
38.57967259999999,-121.4168133,Los Rios,14,Mafil,14105,7389,-,-,-,-,-,-,1,13.5
-39.540279,-72.965652,Los Rios,14,Mariquina,14106,23250,-,-,-,6,8,8,8,34.4
-40.0684279,-72.8748414,Los Rios,14,Paillaco,14107,20798,-,-,-,-,-,-,1,4.8
-39.6415998,-72.3370089,Los Rios,14,Panguipulli,14108,35991,-,-,-,-,-,-,2,5.6
-40.3313422,-72.9485366,Los Rios,14,Rio Bueno,14204,32925,-,-,-,5,5,5,10,30.4
-39.84530000000001,-73.2080845,Los Rios,14,Valdivia,14101,176774,12,45,47,65,72,82,88,49.8
-41.8675003,-73.8276965,Los Lagos,10,Ancud,10202,42458,-,-,-,-,-,-,3,7.1
-41.7720156,-73.1327093,Los Lagos,10,Calbuco,10102,36744,4,5,5,5,5,5,7,19.1
-42.4801402,-73.7624137,Los Lagos,10,Castro,10201,47607,-,-,-,4,6,7,7,14.7
-42.9167,-72.71670000000002,Los Lagos,10,Chaiten,10401,5020,-,-,-,-,-,-,1,19.9
-42.6232593,-73.7738499,Los Lagos,10,Chonchi,10203,16013,-,-,-,-,-,-,-,0.0
-41.4923218,-72.3084312,Los Lagos,10,Cochamo,10103,4006,-,-,-,-,-,-,-,0.0
-42.4405468,-73.60370689999999,Los Lagos,10,Curaco de Velez,10204,4066,-,-,-,-,-,-,-,0.0
-42.377631,-73.651882,Los Lagos,10,Dalcahue,10205,15069,-,-,-,-,-,-,-,0.0
-41.15,-73.4163343,Los Lagos,10,Fresia,10104,12656,-,-,-,-,-,-,-,0.0
-41.112498,-73.0496952,Los Lagos,10,Frutillar,10105,20223,-,-,-,-,-,-,5,24.7
-43.1833,-71.8667,Los Lagos,10,Futaleufu,10402,2806,-,-,-,-,-,-,-,0.0
-42.1,-72.41666699999999,Los Lagos,10,Hualaihue,10403,9525,-,-,-,-,-,-,3,31.5
-41.2606312,-73.0078406,Los Lagos,10,Llanquihue,10107,18621,-,-,-,-,-,-,3,16.1
-41.3994093,-73.4649905,Los Lagos,10,Los Muermos,10106,17817,-,-,-,-,-,-,1,5.6
-41.614807,-73.5990281,Los Lagos,10,Maullin,10108,14894,-,-,-,-,-,-,1,6.7
-40.5761897,-73.11494689999999,Los Lagos,10,Osorno,10301,173410,66,120,163,190,207,220,232,133.8
-43.61669999999999,-71.7999999,Los Lagos,10,Palena,10404,1827,-,-,-,-,-,-,-,0.0
-41.468917,-72.94113639999999,Los Lagos,10,Puerto Montt,10101,269398,34,44,25,35,37,39,68,25.2
-40.9768373,-72.8819616,Los Lagos,10,Puerto Octay,10302,9192,-,-,-,-,-,-,1,10.9
-41.3167,-72.9833,Los Lagos,10,Puerto Varas,10109,48620,-,-,-,4,-,-,6,12.3
-42.6014407,-73.6714848,Los Lagos,10,Puqueldon,10206,4201,-,-,-,-,-,-,-,0.0
-40.9084312,-73.1661093,Los Lagos,10,Purranque,10303,21080,-,-,5,5,11,16,16,75.9
-40.6833658,-72.6015589,Los Lagos,10,Puyehue,10304,11787,-,-,-,-,-,-,2,17.0
-42.9,-73.4833,Los Lagos,10,Queilen,10207,5543,-,-,-,-,-,-,-,0.0
-43.1169327,-73.6138821,Los Lagos,10,Quellon,10208,29309,-,-,-,-,-,-,-,0.0
-42.1427625,-73.4743182,Los Lagos,10,Quemchi,10209,8783,-,-,-,-,-,-,-,0.0
-42.5381325,-73.4187729,Los Lagos,10,Quinchao,10210,8298,-,-,-,-,-,-,1,12.1
-40.7832999,-73.23330000000001,Los Lagos,10,Rio Negro,10305,14275,-,-,-,-,-,-,3,21.0
-40.516667,-73.39999999999999,Los Lagos,10,San Juan de la Costa,10306,7639,-,-,-,7,11,11,14,183.3
-40.4124926,-73.0124926,Los Lagos,10,San Pablo,10307,10553,-,-,-,-,6,6,6,56.9
-45.9864001,-73.7669461,Aisen,11,Aisen,11201,25002,-,-,4,5,4,4,3,16.0
-46.5409005,-71.7222795,Aisen,11,Chile Chico,11401,5121,-,-,-,-,-,-,1,19.5
-44.75,-72.7,Aisen,11,Cisnes,11202,5828,-,-,-,-,-,-,-,0.0
-45.5712254,-72.068265,Aisen,11,Coyhaique,,61210,-,-,-,-,-,-,2,1.6
-43.883333,-73.75,Aisen,11,Guaitecas,11203,1599,-,-,-,-,-,-,-,0.0
-44.2385218,-71.85112699999999,Aisen,11,Lago Verde,11102,920,-,-,-,-,-,-,-,0.0
-48.4674467,-72.5591917,Aisen,11,OHiggins,,661,-,-,-,-,-,-,-,0.0
-46.3,-71.93333299999999,Aisen,11,Rio Ibanez,11402,2699,-,-,-,-,-,-,-,0.0
-47.8015353,-73.5358494,Aisen,11,Tortel,11303,572,-,-,-,-,-,-,1,174.8
-55.09916279999999,-69.2747744,Magallanes y la Antartica,12,Antartica,12202,137,-,-,-,-,-,-,-,0.0
-54.933333,-67.61666699999999,Magallanes y la Antartica,12,Cabo de Hornos,12201,1983,5,6,6,10,11,13,18,907.7
-82.862752,135,Magallanes y la Antartica,12,Laguna Blanca,12102,264,-,-,-,-,-,-,-,0.0
-51.73333299999999,-72.516667,Magallanes y la Antartica,12,Natales,12401,23782,-,4,5,5,5,6,6,25.2
-53.2957997,-70.3666545,Magallanes y la Antartica,12,Porvenir,12301,7323,-,-,-,-,-,-,4,54.6
-52.716667,-69.25,Magallanes y la Antartica,12,Primavera,12302,694,-,-,-,-,-,-,-,0.0
-53.1638329,-70.9170683,Magallanes y la Antartica,12,Punta Arenas,12101,141984,29,87,143,203,207,299,387,272.6
-52.58467899999999,-71.513733,Magallanes y la Antartica,12,Rio Verde,12103,211,-,-,-,-,-,-,-,0.0
-52.315556,-69.688056,Magallanes y la Antartica,12,San Gregorio,12104,681,-,-,-,-,-,-,-,0.0
-54.294722,-69.16749999999999,Magallanes y la Antartica,12,Timaukel,12303,282,-,-,-,-,-,-,-,0.0
-51.259167,-72.345,Magallanes y la Antartica,12,Torres del Paine,12402,1021,-,-,-,-,-,-,-,0.0-18.5940485,-69.4784541,Arica  y  Parinacota,5,129,1.46  %,1